<?xml version="1.0" encoding="UTF-8"?>
<model:TWSBatchApplicationInstance xmlns:model="http://www.ibm.com/xmlns/prod/scheduling/1.0/Model">
  <model:Name>CONFIRM_JS</model:Name>
  <model:JobDefinition folder="$FOLDER_/MANITEST$/" logon="cshakya" name="$JOB_CYCLIC_JOB$" workstation="$FOLDER_/$/$WORKSTATION_MASTERAGENTS$">
    <model:task cmd="true" exec="date;hostname" interactive="false" jsdlTask="false" type="UNIX"/>
    <model:recovery action="stop"/>
  </model:JobDefinition>
  <model:JobStream carryforward="false" draft="false" folder="$FOLDER_/CONFIRM_JOB$/" iskey="false" limit="-1" name="$JOBSTREAM_CONFIRM_JS$" onrequest="false" priority="10" workstation="$FOLDER_/$/$WORKSTATION_WIN_AGENT01$">
    <model:runcycles>
      <model:rule except="false" from="2022-01-27Z" icalendar="FREQ=DAILY;INTERVAL=1;BYWORKDAY" name="RC1">
        <model:restrictions/>
        <model:subset>SUBSET_1</model:subset>
        <model:subsetOperator>OR</model:subsetOperator>
      </model:rule>
    </model:runcycles>
    <model:matching>
      <model:sameDay/>
    </model:matching>
    <model:restrictions/>
    <model:dependencies/>
    <model:jobs>
      <model:job confirmed="true" defintion="$FOLDER_/$/$WORKSTATION_MASTERAGENTS$#$FOLDER_/MANITEST$/$JOB_CYCLIC_JOB$" every="3" isCritical="false" iskey="false" name="$JOB_CONFIRM_JOB$" priority="10">
        <model:restrictions/>
        <model:dependencies/>
      </model:job>
    </model:jobs>
    <model:uipreferences>{
  &quot;id&quot; : &quot;2e51a5da-cc7c-341d-9efc-3a9848c1dc32&quot;,
  &quot;objectType&quot; : &quot;JOB&quot;,
  &quot;preferences&quot; : &quot;{}&quot;
}</model:uipreferences>
  </model:JobStream>
</model:TWSBatchApplicationInstance>